Nombre del producto,Marca,Precio actual,Precio anterior,Descuento,Imagen URL,Link al producto,Nombre del sitio
Oukitel C36 Telefono Celulares Dual Sim 24(8+16)gb+256gb(+1tb Tfcard) Andriod 14 5150 Mah T606 Octa Cores Cpu 6.56in Hd+ Smartphone Otg 5mp+13mp Bt5.0,,"1,969","4,716",58% OFF,https://http2.mlstatic.com/D_Q_NP_2X_788356-CBT81801301032_012025-V-oukitel-c36-telefono-celulares-dual-sim-24816gb256gb1tb-tfcard-andriod-14-5150-mah-t606-octa-cores-cpu-656in-hd-smartphone-otg-5mp13mp-bt50.webp,https://click1.mercadolibre.com.mx/mclics/clicks/external/MLM/count?a=y42FT1lC%2BAn73chpXAGHGvL6rxSs78Sy8%2BGtYDls10WZapeLQu1hCygBeAyqzLA53N0zKY3Db88bdE%2F1%2Bk7YW9Ot08G0T6q7ORDYxtn%2Fq8gtI3t4NPuze7Imnaf84rA8vmvnarDPj9aA340bR5o9zQykRs9S76sxw%2FNpbXX1KdGcXaM4%2BYPraMyARcAjhk1J3mYpNjzL8YTxO0HfIMAVHG%2F2fNJuzO6qK5JiS%2FeHVwEmM9a%2B0XY%2FnjqQnP%2FrXSPsHaXzcksgLxBao0%2Ft1iUbCAH6D77TtRbIgpECCnif0ugGGlAu77PDy1EsdxUUQ75vp2yoxkaKzstoO5vyiSSyI0l414zqiIKDnLY2U3aC9xjyegAcFfuotUNA94AiPegH7VxgjlgU34vOLuDyRzEgsE%2BvrqHf5bpvxephXu4%2BikQAzWg%2F7RqCtX493QwDg9v%2B7OCI9N6r4Kuh0HpZ9VG%2B9VKo1eA0ueHM3GoNBGZHuKMzML8yVjWQ0xgB51EdPsEMx8gYqQ8TeOFkewB3Ry%2FZMF7iG%2BN%2F8jF%2BdIVLiZw3mVwv2VayYMNqOORJ3%2F1sungSTIRWNQ4PvDBB1dpcPuAyGbIktPA%2FOLTOsqpdAoBaQJ%2B2U7c85UW7nNLX0RGG7Qm3C9OcywgGEMKhn5jtejJMzWazSN71QwtJNWqrK8jRQisCmr4JmM7A1UeL9QQaWo%2F9tH6Yf4L%2Fa%2F5rSFK0FQ0uyrN0Xg8d9PQqBe3VUVoCnw8K%2BYRgt7RZFR65cMaagrj%2FcKtEMPNWxGvRInCUar%2F32tJ599SyU7PUQqt4EgSMpYykN0GBxMERta2zv0rZx%2ByweJKILCQmrP1QbIo7vKNYBn0l8VtnL49uZV9LfvUR1TW63GimdVzgQXFx5F3zxfsEPYzVp7ldYSFjM5bv3FQzaELPSv2Ngbdm5M8DRzIhUp7JGEXjRD1Meysha95bkzCHrpURLsTWU7SE9ABtAqEW8mcUZ0hgnhmQZIr9zIQ%3D&searchVariation=186486417463&highlight=false&headerTopBrand=false#polycard_client=search-nordic&tracking_id=c36ae3a7-e504-45af-8998-238bfdd32d18,Mercado Libre
Oukitel C57pro Teléfono Celular Inteligente Dual Sim 16(4+12)+256 Gb 4300mah Loudspeaker 6.52in Hd+ Ip5x/la Moda Es Ligera Smartphone /gps/tomar Fotos,,"1,645","3,501",53% OFF,https://http2.mlstatic.com/D_Q_NP_2X_854988-CBT80987973339_112024-V-oukitel-c57pro-telefono-celular-inteligente-dual-sim-16412256-gb-4300mah-loudspeaker-652in-hd-ip5xla-moda-es-ligera-smartphone-gpstomar-fotos.webp,https://click1.mercadolibre.com.mx/mclics/clicks/external/MLM/count?a=hsb8HlLHKFjHppg0aHP9Vz4JYEsA9I%2B2faBrdO8IdPSmnAyozwjfqp9cB1ti9B1LwzuDMufBg3aRI1xnCisKkRhEb6zYBv44VHMNgYC4cfYJv253i0mjpsQjnMcg0YPAnT7p3T5gRGB3qsEfYT6WzYMTojN4xsTbBL9NW6lNUvvwKL7pYLb5mje3FW%2BRvLP3Hj6PuN3peOLiLtsOgwR7UWWSVrgQNL7rCAhsyH9A43VLmLXu8ZS4ODYwkodFWlVXmgtNmL62ca2tWdRCFu%2FGeQdJObmIjUBe5aOHxYuL6%2F5MuFuq1GGYIQebEpZjn1UX55j0OhVHnBfUkkuJd3LUKXFuV%2BrZWOhrFVv%2B5HUR95yX7ojHvhpEeF2%2FXV%2Bkus9sKKe6nNf9lz8CUJfeUPwd9PHe1V2nqqIvKrrDZ8%2B1rlcPJ19kEg5hcEaLNeX%2FsDw0m0nrieyU6x9MkfEe4HaZjtHHJggWNdWuIC1cB3c8RSBtAggkSbNqAhf3sKSAUefwYLMWnk0eI6dW%2FBsHFB%2BiymErwU3mYHfeJAI1mKSQPiCdAn%2F8UWI6FlYH%2B4G%2FekuKNlpjgS35540nq0janak3B47nGPuYKKwS%2F5cgadDZOi3LFhzdNDlYX9J5rt8m30kFXwdxxO%2BB55%2Bdfq3ENk5LHMBizngViyQE9jeiybn2Dl%2BCCjgjW1jZCQPAWprJfvIxGA%2BYmt2c9KP5UcWoFHpOX%2BFyQVyAlguiHZsvN8%2F73CAcoiLG660Sm%2FPRwyBjmuAJ5v6dtbWh9qQB4FPrprJBzPEepXhIubZQnmOKrYSoiFWupu8X3GcGWNq77UZBIDaPjEB7f%2F1oGAf7wSmmg1ECC3oro3LqGzw%2BGmX%2FDJKL4HFzUCigbDszD1MpivH%2FQw3Ad3dc057JONR2ncGRiXBZcdy2FnBeFiYeAckFFqk5xkZN675nlRu0xJSmKUBBfCeGjgD6ShGSYdYAf6RP0D4%2FSYdkQYnY8A25fZg7ayRrq8yw&searchVariation=182001500856&highlight=false&headerTopBrand=false#polycard_client=search-nordic&tracking_id=c36ae3a7-e504-45af-8998-238bfdd32d18,Mercado Libre
Xiaomi Pocophone Poco M5s Dual SIM 128 GB gris 4 GB RAM,,"1,919","3,030",36% OFF,https://http2.mlstatic.com/D_Q_NP_2X_848340-MLA84150142909_042025-V.webp,https://www.mercadolibre.com.mx/xiaomi-pocophone-poco-m5s-dual-sim-128-gb-gris-4-gb-ram/p/MLM19671380?highlight=true&headerTopBrand=true#polycard_client=search-nordic&searchVariation=MLM19671380&wid=MLM2019181225&position=3&search_layout=stack&type=product&tracking_id=c36ae3a7-e504-45af-8998-238bfdd32d18&sid=search,Mercado Libre
Pocophone Poco M5s Dual Sim 256 Gb Gris 8 Gb Ram,,"2,309","2,873",19% OFF,https://http2.mlstatic.com/D_Q_NP_2X_959750-MLA84077969469_042025-V.webp,https://www.mercadolibre.com.mx/pocophone-poco-m5s-dual-sim-256-gb-gris-8-gb-ram/p/MLM23428712?highlight=true&headerTopBrand=true#polycard_client=search-nordic&searchVariation=MLM23428712&wid=MLM1909761623&position=6&search_layout=stack&type=product&tracking_id=c36ae3a7-e504-45af-8998-238bfdd32d18&sid=search,Mercado Libre
Celular Moto E14 dual SIM 64gb gris 2gb RAM 4G Android,MOTOROLA,"1,549",,,https://http2.mlstatic.com/D_Q_NP_2X_905864-MLA77406210870_072024-V.webp,https://www.mercadolibre.com.mx/celular-moto-e14-dual-sim-64gb-gris-2gb-ram-4g-android/p/MLM38122238?highlight=true&headerTopBrand=true#polycard_client=search-nordic&searchVariation=MLM38122238&wid=MLM3481062408&position=8&search_layout=stack&type=product&tracking_id=c36ae3a7-e504-45af-8998-238bfdd32d18&sid=search,Mercado Libre
Moto G24 Dual SIM 256 GB lavanda 4 GB RAM,MOTOROLA,"2,149","2,249",4% OFF,https://http2.mlstatic.com/D_Q_NP_2X_861359-MLA77913889230_082024-V.webp,https://www.mercadolibre.com.mx/moto-g24-dual-sim-256-gb-lavanda-4-gb-ram/p/MLM38806578?highlight=false&headerTopBrand=true#polycard_client=search-nordic&searchVariation=MLM38806578&wid=MLM2208002909&position=10&search_layout=stack&type=product&tracking_id=c36ae3a7-e504-45af-8998-238bfdd32d18&sid=search,Mercado Libre
Xiaomi Redmi 14c 256gb 8gb Ram Dual Sim Starry Blue,,"2,129","2,339",8% OFF,https://http2.mlstatic.com/D_Q_NP_2X_763940-MLA83786665312_042025-V.webp,https://www.mercadolibre.com.mx/xiaomi-redmi-14c-256gb-8gb-ram-dual-sim-starry-blue/p/MLM41260955?highlight=true&headerTopBrand=true#polycard_client=search-nordic&searchVariation=MLM41260955&wid=MLM2211443401&position=12&search_layout=stack&type=product&tracking_id=c36ae3a7-e504-45af-8998-238bfdd32d18&sid=search,Mercado Libre
Honor Magic7 Lite Jade Cyan 512 GB Con Audífonos de regalo,HONOR,"8,369","9,999",16% OFF,https://http2.mlstatic.com/D_Q_NP_2X_760082-MLA81960499439_012025-V.webp,https://www.mercadolibre.com.mx/honor-magic7-lite-jade-cyan-512-gb-con-audifonos-de-regalo/p/MLM45500894?highlight=true&headerTopBrand=true#polycard_client=search-nordic&searchVariation=MLM45500894&wid=MLM2222803407&position=4&search_layout=stack&type=product&tracking_id=c36ae3a7-e504-45af-8998-238bfdd32d18&sid=search,Mercado Libre
Infinix Note 40 Pro Dual SIM 256 GB Verde 8 GB RAM,INFINIX,"4,856","5,855",17% OFF,https://http2.mlstatic.com/D_Q_NP_2X_985070-MLA75524467492_042024-V.webp,https://www.mercadolibre.com.mx/infinix-note-40-pro-dual-sim-256-gb-verde-8-gb-ram/p/MLM35504158?highlight=true&headerTopBrand=true#polycard_client=search-nordic&searchVariation=MLM35504158&wid=MLM3005648392&position=7&search_layout=stack&type=product&tracking_id=c36ae3a7-e504-45af-8998-238bfdd32d18&sid=search,Mercado Libre
Xiaomi Redmi 14c 256 Gb 8gb Ram Dual Sim Midnight Black,,"2,269","2,339",2% OFF,https://http2.mlstatic.com/D_Q_NP_2X_724390-MLA84152715083_042025-V.webp,https://www.mercadolibre.com.mx/xiaomi-redmi-14c-256-gb-8gb-ram-dual-sim-midnight-black/p/MLM41262061?highlight=true&headerTopBrand=true#polycard_client=search-nordic&searchVariation=MLM41262061&wid=MLM3519121470&position=9&search_layout=stack&type=product&tracking_id=c36ae3a7-e504-45af-8998-238bfdd32d18&sid=search,Mercado Libre
Xiaomi Poco X6 Pro 5g 8 Gb Ram 256 Gb Mtk D8300 120 Hz 67 W Color Gris,,"4,799","5,299",9% OFF,https://http2.mlstatic.com/D_Q_NP_2X_636192-MLA84546958082_052025-V.webp,https://www.mercadolibre.com.mx/xiaomi-poco-x6-pro-5g-8-gb-ram-256-gb-mtk-d8300-120-hz-67-w-color-gris/p/MLM29761343?highlight=true&headerTopBrand=true#polycard_client=search-nordic&searchVariation=MLM29761343&wid=MLM3325027596&position=11&search_layout=stack&type=product&tracking_id=c36ae3a7-e504-45af-8998-238bfdd32d18&sid=search,Mercado Libre
Samsung Galaxy A05s 128 GB gris 4 GB RAM,SAMSUNG,"2,104","2,288",8% OFF,https://http2.mlstatic.com/D_Q_NP_2X_636751-MLA78115450987_082024-V.webp,https://www.mercadolibre.com.mx/samsung-galaxy-a05s-128-gb-gris-4-gb-ram/p/MLM38804973?highlight=false&headerTopBrand=true#polycard_client=search-nordic&searchVariation=MLM38804973&wid=MLM3284315426&position=13&search_layout=stack&type=product&tracking_id=c36ae3a7-e504-45af-8998-238bfdd32d18&sid=search,Mercado Libre
Samsung Galaxy A56 5g 256 GB 8 GB RAM negro,SAMSUNG,"6,999","9,899",29% OFF,https://http2.mlstatic.com/D_Q_NP_2X_639041-MLA83679798302_042025-V.webp,https://www.mercadolibre.com.mx/samsung-galaxy-a56-5g-256-gb-8-gb-ram-negro/p/MLM47104353?highlight=true&headerTopBrand=true#polycard_client=search-nordic&searchVariation=MLM47104353&wid=MLM2290493201&position=15&search_layout=stack&type=product&tracking_id=c36ae3a7-e504-45af-8998-238bfdd32d18&sid=search,Mercado Libre
Moto G24 Dual SIM 256 GB gris acero 4 GB RAM,MOTOROLA,"2,282","2,889",21% OFF,https://http2.mlstatic.com/D_Q_NP_2X_919798-MLU74622536256_022024-V.webp,https://www.mercadolibre.com.mx/moto-g24-dual-sim-256-gb-gris-acero-4-gb-ram/p/MLM38832536?highlight=true&headerTopBrand=true#polycard_client=search-nordic&searchVariation=MLM38832536&wid=MLM3306984684&position=17&search_layout=stack&type=product&tracking_id=c36ae3a7-e504-45af-8998-238bfdd32d18&sid=search,Mercado Libre
Samsung Galaxy A55 5G Dual SIM 128 GB Azul Oscuro 8 GB RAM,SAMSUNG,"6,109","7,249",15% OFF,https://http2.mlstatic.com/D_Q_NP_2X_800035-MLA81367078349_122024-V.webp,https://www.mercadolibre.com.mx/samsung-galaxy-a55-5g-dual-sim-128-gb-azul-oscuro-8-gb-ram/p/MLM34729758?highlight=false&headerTopBrand=true#polycard_client=search-nordic&searchVariation=MLM34729758&wid=MLM2052795925&position=5&search_layout=stack&type=product&tracking_id=c36ae3a7-e504-45af-8998-238bfdd32d18&sid=search,Mercado Libre
Xiaomi POCO M6 Dual SIM 256 GB violeta 8 GB RAM,,"2,683","3,868",30% OFF,https://http2.mlstatic.com/D_Q_NP_2X_828677-MLA78798937292_092024-V.webp,https://www.mercadolibre.com.mx/xiaomi-poco-m6-dual-sim-256-gb-violeta-8-gb-ram/p/MLM40375473?highlight=true&headerTopBrand=true#polycard_client=search-nordic&searchVariation=MLM40375473&wid=MLM3645534816&position=26&search_layout=stack&type=product&tracking_id=c36ae3a7-e504-45af-8998-238bfdd32d18&sid=search,Mercado Libre
"Teléfono celular Samsung Galaxy A35 5g, triple cámara de hasta 50 MP, pantalla 6.6, 128 GB, rosa",SAMSUNG,"5,234","5,569",6% OFF,https://http2.mlstatic.com/D_Q_NP_2X_977658-MLU75292966657_032024-V.webp,https://www.mercadolibre.com.mx/telefono-celular-samsung-galaxy-a35-5g-triple-camara-de-hasta-50-mp-pantalla-66-128-gb-rosa/p/MLM34729763?highlight=false&headerTopBrand=true#polycard_client=search-nordic&searchVariation=MLM34729763&wid=MLM3175087928&position=28&search_layout=stack&type=product&tracking_id=c36ae3a7-e504-45af-8998-238bfdd32d18&sid=search,Mercado Libre
Celular Xiaomi Poco C71 3gb Ram 64gb Rom Dual Sim Black,,"1,291","1,752",26% OFF,https://http2.mlstatic.com/D_Q_NP_2X_609355-MLA84093363728_052025-V.webp,https://www.mercadolibre.com.mx/celular-xiaomi-poco-c71-3gb-ram-64gb-rom-dual-sim-black/p/MLM48958768?highlight=true&headerTopBrand=true#polycard_client=search-nordic&searchVariation=MLM48958768&wid=MLM3677867426&position=23&search_layout=stack&type=product&tracking_id=c36ae3a7-e504-45af-8998-238bfdd32d18&sid=search,Mercado Libre
Samsung Galaxy S24 Ultra 5G Dual SIM 256 GB negro titanio 12 GB RAM,SAMSUNG,"15,699","21,999",28% OFF,https://http2.mlstatic.com/D_Q_NP_2X_731135-MLA79227832577_092024-V.webp,https://www.mercadolibre.com.mx/samsung-galaxy-s24-ultra-5g-dual-sim-256-gb-negro-titanio-12-gb-ram/p/MLM31493325?highlight=true&headerTopBrand=true#polycard_client=search-nordic&searchVariation=MLM31493325&wid=MLM2035729387&position=21&search_layout=stack&type=product&tracking_id=c36ae3a7-e504-45af-8998-238bfdd32d18&sid=search,Mercado Libre
Xiaomi Poco M5s 8gb 256gb 6.43 Amoled 64mp 5000mah 33w Azul,,"2,299","3,661",37% OFF,https://http2.mlstatic.com/D_Q_NP_2X_791853-MLA84077973547_042025-V.webp,https://www.mercadolibre.com.mx/xiaomi-poco-m5s-8gb-256gb-643-amoled-64mp-5000mah-33w-azul/p/MLM23429853?highlight=false&headerTopBrand=true#polycard_client=search-nordic&searchVariation=MLM23429853&wid=MLM1898749063&position=25&search_layout=stack&type=product&tracking_id=c36ae3a7-e504-45af-8998-238bfdd32d18&sid=search,Mercado Libre
Celular Samsung Galaxy A16 6+128gb Verde,SAMSUNG,"2,589","2,889",10% OFF,https://http2.mlstatic.com/D_Q_NP_2X_715848-MLA82164750739_012025-V.webp,https://www.mercadolibre.com.mx/celular-samsung-galaxy-a16-6128gb-verde/p/MLM45765721?highlight=false&headerTopBrand=true#polycard_client=search-nordic&searchVariation=MLM45765721&wid=MLM2262430157&position=30&search_layout=stack&type=product&tracking_id=c36ae3a7-e504-45af-8998-238bfdd32d18&sid=search,Mercado Libre
Samsung Galaxy S24 Ultra 5G Dual SIM 256 GB gris titanio 12 GB RAM,SAMSUNG,"18,068","29,620",39% OFF,https://http2.mlstatic.com/D_Q_NP_2X_706152-MLA74088396736_012024-V.webp,https://www.mercadolibre.com.mx/samsung-galaxy-s24-ultra-5g-dual-sim-256-gb-gris-titanio-12-gb-ram/p/MLM34491099?highlight=false&headerTopBrand=true#polycard_client=search-nordic&searchVariation=MLM34491099&wid=MLM2018259675&position=18&search_layout=stack&type=product&tracking_id=c36ae3a7-e504-45af-8998-238bfdd32d18&sid=search,Mercado Libre
Samsung Galaxy S24 Ultra 5G Dual SIM 512 GB negro titanio 12 GB RAM,SAMSUNG,"19,899","29,709",33% OFF,https://http2.mlstatic.com/D_Q_NP_2X_731135-MLA79227832577_092024-V.webp,https://www.mercadolibre.com.mx/samsung-galaxy-s24-ultra-5g-dual-sim-512-gb-negro-titanio-12-gb-ram/p/MLM29893910?highlight=true&headerTopBrand=true#polycard_client=search-nordic&searchVariation=MLM29893910&wid=MLM3068275872&position=16&search_layout=stack&type=product&tracking_id=c36ae3a7-e504-45af-8998-238bfdd32d18&sid=search,Mercado Libre
Celular Xiaomi Poco X7 Pro 5g Dual Sim 256gb Negro 8ram 50mpx,,"5,759","5,999",4% OFF,https://http2.mlstatic.com/D_Q_NP_2X_911712-MLA83345426597_032025-V.webp,https://www.mercadolibre.com.mx/celular-xiaomi-poco-x7-pro-5g-dual-sim-256gb-negro-8ram-50mpx/p/MLM45824212?highlight=false&headerTopBrand=true#polycard_client=search-nordic&searchVariation=MLM45824212&wid=MLM3591827168&position=19&search_layout=stack&type=product&tracking_id=c36ae3a7-e504-45af-8998-238bfdd32d18&sid=search,Mercado Libre
Samsung Galaxy S24 Plus (Exynos) Galaxy AI 5G Dual SIM 256 GB Gris mármol 12 GB RAM,SAMSUNG,"12,416","16,999",26% OFF,https://http2.mlstatic.com/D_Q_NP_2X_806986-MLU74200260813_012024-V.webp,https://www.mercadolibre.com.mx/samsung-galaxy-s24-plus-exynos-galaxy-ai-5g-dual-sim-256-gb-gris-marmol-12-gb-ram/p/MLM33304636?highlight=true&headerTopBrand=true#polycard_client=search-nordic&searchVariation=MLM33304636&wid=MLM2015102509&position=24&search_layout=stack&type=product&tracking_id=c36ae3a7-e504-45af-8998-238bfdd32d18&sid=search,Mercado Libre
Celular Xiaomi Poco X7 Pro 5g Dual Sim 512gb Amarillo 12ram 50mpx,,"6,978","8,766",20% OFF,https://http2.mlstatic.com/D_Q_NP_2X_736686-MLA83345494947_032025-V.webp,https://www.mercadolibre.com.mx/celular-xiaomi-poco-x7-pro-5g-dual-sim-512gb-amarillo-12ram-50mpx/p/MLM45866424?highlight=false&headerTopBrand=true#polycard_client=search-nordic&searchVariation=MLM45866424&wid=MLM2237003469&position=20&search_layout=stack&type=product&tracking_id=c36ae3a7-e504-45af-8998-238bfdd32d18&sid=search,Mercado Libre
"Smartphone Infinix Note 40 5G, 8 GB de RAM, 256 GB de almacenamiento, cámara triple de 108 mp+ 32 MP, pantalla de 6,78 FHD+ 120 Hz, sonido de Jbl, batería de 5000 mAh, carga inalámbrica negra",INFINIX,"3,499","4,665",25% OFF,https://http2.mlstatic.com/D_Q_NP_2X_657524-MLU77762817081_072024-V.webp,https://www.mercadolibre.com.mx/smartphone-infinix-note-40-5g-8-gb-de-ram-256-gb-de-almacenamiento-camara-triple-de-108-mp-32-mp-pantalla-de-678-fhd-120-hz-sonido-de-jbl-bateria-de-5000-mah-carga-inalambrica-negra/p/MLM38357400?highlight=true&headerTopBrand=true#polycard_client=search-nordic&searchVariation=MLM38357400&wid=MLM3619172726&position=22&search_layout=stack&type=product&tracking_id=c36ae3a7-e504-45af-8998-238bfdd32d18&sid=search,Mercado Libre
Celular Xiaomi Poco C75 256gb Rom 8gb Ram Gold,,"2,160","2,851",24% OFF,https://http2.mlstatic.com/D_Q_NP_2X_987240-MLA83655860898_042025-V.webp,https://www.mercadolibre.com.mx/celular-xiaomi-poco-c75-256gb-rom-8gb-ram-gold/p/MLM42455810?highlight=true&headerTopBrand=false#polycard_client=search-nordic&searchVariation=MLM42455810&wid=MLM3503794398&position=29&search_layout=stack&type=product&tracking_id=c36ae3a7-e504-45af-8998-238bfdd32d18&sid=search,Mercado Libre
Moto E14 Dual SIM 64 GB verde 2 GB RAM,MOTOROLA,"1,369","1,549",11% OFF,https://http2.mlstatic.com/D_Q_NP_2X_836362-MLA77406210972_072024-V.webp,https://www.mercadolibre.com.mx/moto-e14-dual-sim-64-gb-verde-2-gb-ram/p/MLM38122244?highlight=true&headerTopBrand=true#polycard_client=search-nordic&searchVariation=MLM38122244&wid=MLM2142695929&position=14&search_layout=stack&type=product&tracking_id=c36ae3a7-e504-45af-8998-238bfdd32d18&sid=search,Mercado Libre
Samsung Galaxy S24 Ultra 5G Dual SIM 256 GB violeta titanio 12 GB RAM,SAMSUNG,"18,055","29,599",39% OFF,https://http2.mlstatic.com/D_Q_NP_2X_876756-MLA74196675597_012024-V.webp,https://www.mercadolibre.com.mx/samsung-galaxy-s24-ultra-5g-dual-sim-256-gb-violeta-titanio-12-gb-ram/p/MLM34491098?highlight=true&headerTopBrand=true#polycard_client=search-nordic&searchVariation=MLM34491098&wid=MLM2018169165&position=27&search_layout=stack&type=product&tracking_id=c36ae3a7-e504-45af-8998-238bfdd32d18&sid=search,Mercado Libre
Xiaomi Poco X7 Pro Negro 512 Gb 12 Gb 6.67 120hz 90w Carga 6000mah Resistencia Al Agua Y Al Polvo Ip68,,"6,978","8,852",21% OFF,https://http2.mlstatic.com/D_Q_NP_2X_629658-MLA84857258713_052025-V.webp,https://www.mercadolibre.com.mx/xiaomi-poco-x7-pro-negro-512-gb-12-gb-667-120hz-90w-carga-6000mah-resistencia-al-agua-y-al-polvo-ip68/p/MLM45766004?highlight=true&headerTopBrand=true#polycard_client=search-nordic&searchVariation=MLM45766004&wid=MLM3610748690&position=31&search_layout=stack&type=product&tracking_id=c36ae3a7-e504-45af-8998-238bfdd32d18&sid=search,Mercado Libre
Apple iPhone 16 Pro Max (256 GB) - Titanio natural - Distribuidor Autorizado,,"30,387","30,999",1% OFF,https://http2.mlstatic.com/D_Q_NP_2X_768410-MLU78891930890_092024-V.webp,https://www.mercadolibre.com.mx/apple-iphone-16-pro-max-256-gb-titanio-natural-distribuidor-autorizado/p/MLM1040287860?highlight=true&headerTopBrand=true#polycard_client=search-nordic&searchVariation=MLM1040287860&wid=MLM2139669625&position=35&search_layout=stack&type=product&tracking_id=c36ae3a7-e504-45af-8998-238bfdd32d18&sid=search,Mercado Libre
iPhone 13 Dual SIM 256 GB azul medianoche - Excelente (Reacondicionado),,"7,149","12,166",41% OFF,https://http2.mlstatic.com/D_Q_NP_2X_821416-MLA47781962896_102021-V.webp,https://www.mercadolibre.com.mx/iphone-13-dual-sim-256-gb-azul-medianoche-excelente-reacondicionado/p/MLM2000109396?highlight=false&headerTopBrand=true#polycard_client=search-nordic&searchVariation=MLM2000109396&wid=MLM2270661081&position=36&search_layout=stack&type=product&tracking_id=c36ae3a7-e504-45af-8998-238bfdd32d18&sid=search,Mercado Libre
Apple iPhone 16 (128 GB) - Rosa - Distribuidor Autorizado,,"19,999",,,https://http2.mlstatic.com/D_Q_NP_2X_697833-MLU79129664311_092024-V.webp,https://www.mercadolibre.com.mx/apple-iphone-16-128-gb-rosa-distribuidor-autorizado/p/MLM1040287802?highlight=true&headerTopBrand=true#polycard_client=search-nordic&searchVariation=MLM1040287802&wid=MLM2139606833&position=37&search_layout=stack&type=product&tracking_id=c36ae3a7-e504-45af-8998-238bfdd32d18&sid=search,Mercado Libre
Apple iPhone 16 Pro (128 GB) - Titanio negro - Distribuidor Autorizado,,"25,999",,,https://http2.mlstatic.com/D_Q_NP_2X_836017-MLU78891585728_092024-V.webp,https://www.mercadolibre.com.mx/apple-iphone-16-pro-128-gb-titanio-negro-distribuidor-autorizado/p/MLM1040287850?highlight=true&headerTopBrand=true#polycard_client=search-nordic&searchVariation=MLM1040287850&wid=MLM2139632473&position=38&search_layout=stack&type=product&tracking_id=c36ae3a7-e504-45af-8998-238bfdd32d18&sid=search,Mercado Libre
"Smartphone Infinix Note 40 5g, 8 Gb De Ram, 256 Gb De Almacenamiento, Cámara Triple De 108 Mp+ 32 Mp, Pantalla De 6,78 Fhd+ 120 Hz, Sonido De Jbl, Batería De 5000 Mah, Carga Inalámbrica Dorado",INFINIX,"3,658","4,714",22% OFF,https://http2.mlstatic.com/D_Q_NP_2X_635662-MLA80101101134_102024-V.webp,https://www.mercadolibre.com.mx/smartphone-infinix-note-40-5g-8-gb-de-ram-256-gb-de-almacenamiento-camara-triple-de-108-mp-32-mp-pantalla-de-678-fhd-120-hz-sonido-de-jbl-bateria-de-5000-mah-carga-inalambrica-dorado/p/MLM42523526?highlight=true&headerTopBrand=true#polycard_client=search-nordic&searchVariation=MLM42523526&wid=MLM3730699142&position=39&search_layout=stack&type=product&tracking_id=c36ae3a7-e504-45af-8998-238bfdd32d18&sid=search,Mercado Libre
Apple iPhone 16 (128 GB) - Negro - Distribuidor Autorizado,,"19,999",,,https://http2.mlstatic.com/D_Q_NP_2X_677076-MLU79116568655_092024-V.webp,https://www.mercadolibre.com.mx/apple-iphone-16-128-gb-negro-distribuidor-autorizado/p/MLM1040287808?highlight=true&headerTopBrand=true#polycard_client=search-nordic&searchVariation=MLM1040287808&wid=MLM2139563547&position=40&search_layout=stack&type=product&tracking_id=c36ae3a7-e504-45af-8998-238bfdd32d18&sid=search,Mercado Libre
Moto G34 5G Dual SIM 256 GB Negro meteorito 8 GB RAM,MOTOROLA,"2,870",,,https://http2.mlstatic.com/D_Q_NP_2X_907669-MLU75370564948_042024-V.webp,https://www.mercadolibre.com.mx/moto-g34-5g-dual-sim-256-gb-negro-meteorito-8-gb-ram/p/MLM35221837?highlight=false&headerTopBrand=false#polycard_client=search-nordic&searchVariation=MLM35221837&wid=MLM3524259940&position=41&search_layout=stack&type=product&tracking_id=c36ae3a7-e504-45af-8998-238bfdd32d18&sid=search,Mercado Libre
Apple iPhone 15 (128 GB) - Rosa - Distribuidor Autorizado,,"17,499",,,https://http2.mlstatic.com/D_Q_NP_2X_958009-MLA71782868134_092023-V.webp,https://www.mercadolibre.com.mx/apple-iphone-15-128-gb-rosa-distribuidor-autorizado/p/MLM1027172678?highlight=true&headerTopBrand=true#polycard_client=search-nordic&searchVariation=MLM1027172678&wid=MLM2561467262&position=42&search_layout=stack&type=product&tracking_id=c36ae3a7-e504-45af-8998-238bfdd32d18&sid=search,Mercado Libre
Cubot Kingkong X 5g Dual Sim 256 Gb Negro 16 Gb Ram Android 14,CUBOT,"4,993","9,292",46% OFF,https://http2.mlstatic.com/D_Q_NP_2X_948050-MLU78802651406_092024-V.webp,https://www.mercadolibre.com.mx/cubot-kingkong-x-5g-dual-sim-256-gb-negro-16-gb-ram-android-14/p/MLM40378426?highlight=true&headerTopBrand=true#polycard_client=search-nordic&searchVariation=MLM40378426&wid=MLM3579799000&position=43&search_layout=stack&type=product&tracking_id=c36ae3a7-e504-45af-8998-238bfdd32d18&sid=search,Mercado Libre
Honor Magic7 Lite Morado 512GB Con Audífonos de regalo,HONOR,"8,284","9,999",17% OFF,https://http2.mlstatic.com/D_Q_NP_2X_981047-MLA81688436036_012025-V.webp,https://www.mercadolibre.com.mx/honor-magic7-lite-morado-512gb-con-audifonos-de-regalo/p/MLM45501580?highlight=true&headerTopBrand=true#polycard_client=search-nordic&searchVariation=MLM45501580&wid=MLM2222737277&position=44&search_layout=stack&type=product&tracking_id=c36ae3a7-e504-45af-8998-238bfdd32d18&sid=search,Mercado Libre
Apple iPhone 15 128 GB Negro,,"14,599",,,https://http2.mlstatic.com/D_Q_NP_2X_779617-MLA71782867320_092023-V.webp,https://www.mercadolibre.com.mx/apple-iphone-15-128-gb-negro/p/MLM27172677?highlight=true&headerTopBrand=true#polycard_client=search-nordic&searchVariation=MLM27172677&wid=MLM2620883900&position=45&search_layout=stack&type=product&tracking_id=c36ae3a7-e504-45af-8998-238bfdd32d18&sid=search,Mercado Libre
Xiaomi Poco X7 Pro 5g 512gb Verde 12ram 50mpx,,"6,978","8,766",20% OFF,https://http2.mlstatic.com/D_Q_NP_2X_809055-MLA83345456041_032025-V.webp,https://www.mercadolibre.com.mx/xiaomi-poco-x7-pro-5g-512gb-verde-12ram-50mpx/p/MLM45680391?highlight=false&headerTopBrand=true#polycard_client=search-nordic&searchVariation=MLM45680391&wid=MLM2266028321&position=49&search_layout=stack&type=product&tracking_id=c36ae3a7-e504-45af-8998-238bfdd32d18&sid=search,Mercado Libre
Honor X8b Dual SIM 512 GB Plateado 8 GB RAM,HONOR,"4,299",,,https://http2.mlstatic.com/D_Q_NP_2X_606875-MLA84560916112_052025-V.webp,https://www.mercadolibre.com.mx/honor-x8b-dual-sim-512-gb-plateado-8-gb-ram/p/MLM35378592?highlight=true&headerTopBrand=true#polycard_client=search-nordic&searchVariation=MLM35378592&wid=MLM2999783362&position=51&search_layout=stack&type=product&tracking_id=c36ae3a7-e504-45af-8998-238bfdd32d18&sid=search,Mercado Libre
Xiaomi POCO Poco X6 Pro 5G Dual SIM 512 GB negro 12 GB RAM,,"5,908","7,578",22% OFF,https://http2.mlstatic.com/D_Q_NP_2X_660762-MLA74048129932_012024-V.webp,https://www.mercadolibre.com.mx/xiaomi-poco-poco-x6-pro-5g-dual-sim-512-gb-negro-12-gb-ram/p/MLM29734176?highlight=true&headerTopBrand=true#polycard_client=search-nordic&searchVariation=MLM29734176&wid=MLM2920134178&position=52&search_layout=stack&type=product&tracking_id=c36ae3a7-e504-45af-8998-238bfdd32d18&sid=search,Mercado Libre
Redmagic 10 Pro 5g 16gb 512gb Color Luz De Luna,,"16,869","22,288",24% OFF,https://http2.mlstatic.com/D_Q_NP_2X_755533-MLA83260538807_032025-V.webp,https://www.mercadolibre.com.mx/redmagic-10-pro-5g-16gb-512gb-color-luz-de-luna/p/MLM47366431?highlight=true&headerTopBrand=true#polycard_client=search-nordic&searchVariation=MLM47366431&wid=MLM3605306738&position=47&search_layout=stack&type=product&tracking_id=c36ae3a7-e504-45af-8998-238bfdd32d18&sid=search,Mercado Libre
Xiaomi Pocophone Poco X6 Pro 5g Dual Sim 512gb Gris 12gb Ram,,"5,908","8,432",29% OFF,https://http2.mlstatic.com/D_Q_NP_2X_641474-MLA74048129996_012024-V.webp,https://www.mercadolibre.com.mx/xiaomi-pocophone-poco-x6-pro-5g-dual-sim-512gb-gris-12gb-ram/p/MLM29734178?highlight=true&headerTopBrand=true#polycard_client=search-nordic&searchVariation=MLM29734178&wid=MLM2955248506&position=46&search_layout=stack&type=product&tracking_id=c36ae3a7-e504-45af-8998-238bfdd32d18&sid=search,Mercado Libre
Celular Samsung Galaxy A06 4gb Ram 64 Gb Rom Ligth Green,SAMSUNG,"1,838",,,https://http2.mlstatic.com/D_Q_NP_2X_943464-MLA79617504967_092024-V.webp,https://www.mercadolibre.com.mx/celular-samsung-galaxy-a06-4gb-ram-64-gb-rom-ligth-green/p/MLM41256339?highlight=false&headerTopBrand=true#polycard_client=search-nordic&searchVariation=MLM41256339&wid=MLM3390013050&position=48&search_layout=stack&type=product&tracking_id=c36ae3a7-e504-45af-8998-238bfdd32d18&sid=search,Mercado Libre
Celular Xiaomi Redmi Note 14 4g 8gb Ram 256gb Amoled 6.67 Cámara 108mp Verde Lima,,"3,329","4,299",15% OFF,https://http2.mlstatic.com/D_Q_NP_2X_938719-MLA82251896007_022025-V.webp,https://www.mercadolibre.com.mx/celular-xiaomi-redmi-note-14-4g-8gb-ram-256gb-amoled-667-camara-108mp-verde-lima/p/MLM45887876?highlight=true&headerTopBrand=true#polycard_client=search-nordic&searchVariation=MLM45887876&wid=MLM2241825389&position=50&search_layout=stack&type=product&tracking_id=c36ae3a7-e504-45af-8998-238bfdd32d18&sid=search,Mercado Libre
Apple iPhone 16 (128 GB) - Ultramarino - Distribuidor Autorizado,,"19,999",,,https://http2.mlstatic.com/D_Q_NP_2X_975004-MLU78878972160_092024-V.webp,https://www.mercadolibre.com.mx/apple-iphone-16-128-gb-ultramarino-distribuidor-autorizado/p/MLM1040287800?highlight=true&headerTopBrand=true#polycard_client=search-nordic&searchVariation=MLM1040287800&wid=MLM3355723212&position=32&search_layout=stack&type=product&tracking_id=c36ae3a7-e504-45af-8998-238bfdd32d18&sid=search,Mercado Libre
Xiaomi Poco X7 Pro 5g Dual Sim 256 Gb Verde 8 Gb Ram,,"5,799","6,127",5% OFF,https://http2.mlstatic.com/D_Q_NP_2X_881524-MLA82926648549_032025-V.webp,https://www.mercadolibre.com.mx/xiaomi-poco-x7-pro-5g-dual-sim-256-gb-verde-8-gb-ram/p/MLM46902287?highlight=false&headerTopBrand=true#polycard_client=search-nordic&searchVariation=MLM46902287&wid=MLM3591827250&position=33&search_layout=stack&type=product&tracking_id=c36ae3a7-e504-45af-8998-238bfdd32d18&sid=search,Mercado Libre
Apple iPhone 16 Plus (128 GB) - Rosa - Distribuidor Autorizado,,"22,545","22,999",1% OFF,https://http2.mlstatic.com/D_Q_NP_2X_620236-MLU79129486341_092024-V.webp,https://www.mercadolibre.com.mx/apple-iphone-16-plus-128-gb-rosa-distribuidor-autorizado/p/MLM1040287818?highlight=true&headerTopBrand=true#polycard_client=search-nordic&searchVariation=MLM1040287818&wid=MLM2139669627&position=34&search_layout=stack&type=product&tracking_id=c36ae3a7-e504-45af-8998-238bfdd32d18&sid=search,Mercado Libre
